,Learning Rate,Final Cost,Iterations
0,0.0001,0.4032138227273351,100.0
1,0.0002,0.38639532923052944,100.0
2,0.0004,0.3571025715865346,100.0
3,0.0008,0.31532752436497147,100.0
4,0.0012,0.2957506589186407,100.0
5,0.0024,0.29437977731884885,56.0
6,0.0048,0.29434144531465806,29.0
7,0.0096,0.2942337513329603,15.0
8,0.0192,0.29500353271581015,8.0
